{
    "cases": {
        "Yee11": {
            "use_time": 21.372620344161987
        },
        "Yee14": {
            "use_time": 21.30222511291504
        },
        "Yee12": {
            "use_time": 21.137465715408325
        },
        "Yee20": {
            "use_time": 20.771907806396484
        },
        "Yee47": {
            "use_time": 20.10762619972229
        },
        "Yee40": {
            "use_time": 20.50494647026062
        },
        "Yee2": {
            "use_time": 19.97209882736206
        },
        "Yee44": {
            "use_time": 19.645780563354492
        },
        "Yee30": {
            "use_time": 18.838449954986572
        },
        "Yee43": {
            "use_time": 19.346797704696655
        },
        "Yee42": {
            "use_time": 18.617542266845703
        },
        "Yee29": {
            "use_time": 18.486385345458984
        },
        "Yee15": {
            "use_time": 18.195747137069702
        },
        "Yee4": {
            "use_time": 17.9157931804657
        },
        "Yee18": {
            "use_time": 17.583833694458008
        },
        "Yee7": {
            "use_time": 17.555551767349243
        },
        "Yee1": {
            "use_time": 17.36676001548767
        },
        "Yee49": {
            "use_time": 16.948668003082275
        },
        "Yee19": {
            "use_time": 16.595317363739014
        },
        "Yee3": {
            "use_time": 16.287662982940674
        },
        "Yee27": {
            "use_time": 16.084638595581055
        },
        "Yee8": {
            "use_time": 15.694682598114014
        },
        "Yee39": {
            "use_time": 15.376374959945679
        },
        "Yee16": {
            "use_time": 14.967090606689453
        },
        "Yee9": {
            "use_time": 14.211861848831177
        },
        "Yee48": {
            "use_time": 14.663974523544312
        },
        "Yee26": {
            "use_time": 14.002246379852295
        },
        "Yee24": {
            "use_time": 13.75828766822815
        },
        "Yee38": {
            "use_time": 13.323439359664917
        },
        "Yee34": {
            "use_time": 13.079404830932617
        },
        "Yee32": {
            "use_time": 12.898674011230469
        },
        "Yee28": {
            "use_time": 12.642220497131348
        },
        "Yee41": {
            "use_time": 12.41454267501831
        },
        "Yee5": {
            "use_time": 12.06792426109314
        },
        "Yee33": {
            "use_time": 11.598592042922974
        },
        "Yee21": {
            "use_time": 11.263818502426147
        },
        "Yee36": {
            "use_time": 10.400034189224243
        },
        "Yee17": {
            "use_time": 10.9508376121521
        },
        "Yee31": {
            "use_time": 10.387417554855347
        },
        "Yee10": {
            "use_time": 9.98741102218628
        },
        "Yee25": {
            "use_time": 9.66178846359253
        },
        "Yee13": {
            "use_time": 9.36162257194519
        },
        "Yee0": {
            "use_time": 8.933509588241577
        },
        "Yee35": {
            "use_time": 8.731139183044434
        },
        "Yee45": {
            "use_time": 8.469881534576416
        },
        "Yee37": {
            "use_time": 7.6784210205078125
        },
        "Yee22": {
            "use_time": 8.28286600112915
        },
        "Yee6": {
            "use_time": 7.5101683139801025
        },
        "Yee23": {
            "use_time": 7.306878089904785
        },
        "Yee46": {
            "use_time": 7.0267722606658936
        }
    },
    "success": true,
    "failed_cases": [],
    "max_time": 21.372620344161987,
    "min_time": 7.0267722606658936,
    "avg_time": 14.425794024467468
}