{
    "cases": {
        "Yee12": {
            "use_time": 10.46992301940918
        },
        "Yee14": {
            "use_time": 10.366235256195068
        },
        "Yee4": {
            "use_time": 10.161081075668335
        },
        "Yee1": {
            "use_time": 9.729711771011353
        },
        "Yee11": {
            "use_time": 9.526975393295288
        },
        "Yee20": {
            "use_time": 9.201728820800781
        },
        "Yee2": {
            "use_time": 8.70135760307312
        },
        "Yee15": {
            "use_time": 8.247929334640503
        },
        "Yee18": {
            "use_time": 8.858619451522827
        },
        "Yee19": {
            "use_time": 8.29314637184143
        },
        "Yee7": {
            "use_time": 8.106622695922852
        },
        "Yee8": {
            "use_time": 7.7656638622283936
        },
        "Yee3": {
            "use_time": 7.360272645950317
        },
        "Yee0": {
            "use_time": 6.978707313537598
        },
        "Yee24": {
            "use_time": 6.815211772918701
        },
        "Yee9": {
            "use_time": 6.53503680229187
        },
        "Yee22": {
            "use_time": 6.231447458267212
        },
        "Yee13": {
            "use_time": 5.90159010887146
        },
        "Yee5": {
            "use_time": 5.540057897567749
        },
        "Yee17": {
            "use_time": 5.28926682472229
        },
        "Yee23": {
            "use_time": 5.125508546829224
        },
        "Yee16": {
            "use_time": 4.8482232093811035
        },
        "Yee10": {
            "use_time": 4.557489395141602
        },
        "Yee21": {
            "use_time": 4.366074800491333
        },
        "Yee6": {
            "use_time": 4.6072540283203125
        }
    },
    "success": true,
    "failed_cases": [],
    "max_time": 10.46992301940918,
    "min_time": 4.366074800491333,
    "avg_time": 7.343405418395996
}