{
    "cases": {
        "Yee88": {
            "use_time": 42.58522391319275
        },
        "Yee12": {
            "use_time": 42.32897734642029
        },
        "Yee42": {
            "use_time": 42.07855701446533
        },
        "Yee94": {
            "use_time": 41.74260449409485
        },
        "Yee44": {
            "use_time": 41.540865898132324
        },
        "Yee14": {
            "use_time": 41.449174880981445
        },
        "Yee76": {
            "use_time": 41.14628601074219
        },
        "Yee20": {
            "use_time": 40.914294958114624
        },
        "Yee73": {
            "use_time": 40.58998894691467
        },
        "Yee78": {
            "use_time": 40.25399470329285
        },
        "Yee70": {
            "use_time": 39.960190773010254
        },
        "Yee58": {
            "use_time": 39.58594012260437
        },
        "Yee47": {
            "use_time": 39.387744665145874
        },
        "Yee40": {
            "use_time": 39.01129984855652
        },
        "Yee80": {
            "use_time": 38.6994903087616
        },
        "Yee61": {
            "use_time": 38.400728940963745
        },
        "Yee51": {
            "use_time": 38.029521465301514
        },
        "Yee49": {
            "use_time": 37.69605898857117
        },
        "Yee54": {
            "use_time": 37.39916753768921
        },
        "Yee81": {
            "use_time": 36.98632860183716
        },
        "Yee30": {
            "use_time": 36.60889744758606
        },
        "Yee48": {
            "use_time": 36.15707230567932
        },
        "Yee77": {
            "use_time": 35.838741064071655
        },
        "Yee15": {
            "use_time": 35.40393924713135
        },
        "Yee26": {
            "use_time": 35.25144910812378
        },
        "Yee32": {
            "use_time": 34.50270104408264
        },
        "Yee97": {
            "use_time": 35.006033182144165
        },
        "Yee86": {
            "use_time": 34.398314237594604
        },
        "Yee65": {
            "use_time": 34.07801580429077
        },
        "Yee19": {
            "use_time": 33.78010320663452
        },
        "Yee64": {
            "use_time": 33.439778566360474
        },
        "Yee0": {
            "use_time": 33.08389592170715
        },
        "Yee59": {
            "use_time": 33.00659132003784
        },
        "Yee62": {
            "use_time": 32.83732295036316
        },
        "Yee2": {
            "use_time": 32.511934757232666
        },
        "Yee52": {
            "use_time": 32.39014744758606
        },
        "Yee60": {
            "use_time": 32.068010330200195
        },
        "Yee84": {
            "use_time": 31.73204231262207
        },
        "Yee72": {
            "use_time": 31.09612774848938
        },
        "Yee95": {
            "use_time": 31.5152645111084
        },
        "Yee57": {
            "use_time": 30.9134304523468
        },
        "Yee90": {
            "use_time": 30.652692556381226
        },
        "Yee85": {
            "use_time": 30.30351185798645
        },
        "Yee63": {
            "use_time": 29.92711901664734
        },
        "Yee56": {
            "use_time": 29.648669958114624
        },
        "Yee31": {
            "use_time": 29.360260725021362
        },
        "Yee23": {
            "use_time": 29.076833248138428
        },
        "Yee93": {
            "use_time": 28.64714288711548
        },
        "Yee53": {
            "use_time": 28.242103576660156
        },
        "Yee18": {
            "use_time": 27.949526071548462
        },
        "Yee96": {
            "use_time": 28.363643407821655
        },
        "Yee17": {
            "use_time": 27.60833239555359
        },
        "Yee74": {
            "use_time": 27.13874053955078
        },
        "Yee24": {
            "use_time": 26.84527325630188
        },
        "Yee7": {
            "use_time": 26.546451807022095
        },
        "Yee83": {
            "use_time": 26.12800693511963
        },
        "Yee50": {
            "use_time": 25.768669366836548
        },
        "Yee36": {
            "use_time": 25.378811836242676
        },
        "Yee68": {
            "use_time": 25.668586254119873
        },
        "Yee9": {
            "use_time": 25.263917922973633
        },
        "Yee25": {
            "use_time": 25.068777799606323
        },
        "Yee11": {
            "use_time": 24.6467604637146
        },
        "Yee21": {
            "use_time": 24.5006046295166
        },
        "Yee28": {
            "use_time": 24.21279287338257
        },
        "Yee46": {
            "use_time": 23.682974815368652
        },
        "Yee82": {
            "use_time": 23.166637897491455
        },
        "Yee35": {
            "use_time": 22.75646185874939
        },
        "Yee38": {
            "use_time": 22.523648023605347
        },
        "Yee98": {
            "use_time": 22.34311866760254
        },
        "Yee89": {
            "use_time": 21.831634998321533
        },
        "Yee45": {
            "use_time": 21.478119373321533
        },
        "Yee6": {
            "use_time": 21.21964120864868
        },
        "Yee66": {
            "use_time": 20.876198768615723
        },
        "Yee3": {
            "use_time": 20.69770836830139
        },
        "Yee92": {
            "use_time": 20.38771343231201
        },
        "Yee79": {
            "use_time": 19.909103631973267
        },
        "Yee4": {
            "use_time": 19.646602153778076
        },
        "Yee39": {
            "use_time": 19.368895053863525
        },
        "Yee33": {
            "use_time": 18.985548973083496
        },
        "Yee22": {
            "use_time": 18.796855449676514
        },
        "Yee37": {
            "use_time": 18.51040029525757
        },
        "Yee99": {
            "use_time": 18.166101694107056
        },
        "Yee71": {
            "use_time": 17.80964183807373
        },
        "Yee34": {
            "use_time": 17.77567982673645
        },
        "Yee10": {
            "use_time": 17.362881422042847
        },
        "Yee5": {
            "use_time": 17.058459043502808
        },
        "Yee41": {
            "use_time": 16.70797562599182
        },
        "Yee87": {
            "use_time": 16.54981541633606
        },
        "Yee29": {
            "use_time": 16.281583309173584
        },
        "Yee67": {
            "use_time": 15.934267044067383
        },
        "Yee1": {
            "use_time": 15.624463558197021
        },
        "Yee75": {
            "use_time": 15.278050422668457
        },
        "Yee69": {
            "use_time": 15.114648342132568
        },
        "Yee27": {
            "use_time": 14.854719400405884
        },
        "Yee16": {
            "use_time": 14.494579553604126
        },
        "Yee55": {
            "use_time": 14.197021961212158
        },
        "Yee13": {
            "use_time": 13.875671863555908
        },
        "Yee43": {
            "use_time": 13.766685485839844
        },
        "Yee91": {
            "use_time": 12.952301502227783
        },
        "Yee8": {
            "use_time": 13.508118867874146
        }
    },
    "success": true,
    "failed_cases": [],
    "max_time": 42.58522391319275,
    "min_time": 12.952301502227783,
    "avg_time": 27.85847410917282
}