{
    "cases": {
        "Yee2": {
            "use_time": 4.14888334274292
        },
        "Yee4": {
            "use_time": 4.273364305496216
        },
        "Yee3": {
            "use_time": 4.2909910678863525
        },
        "Yee1": {
            "use_time": 3.9557082653045654
        },
        "Yee0": {
            "use_time": 4.279299020767212
        }
    },
    "success": true,
    "failed_cases": [],
    "max_time": 4.2909910678863525,
    "min_time": 3.9557082653045654,
    "avg_time": 4.189649200439453
}