{
    "cases": {
        "Yee4": {
            "use_time": 5.9448487758636475
        },
        "Yee11": {
            "use_time": 5.527368783950806
        },
        "Yee12": {
            "use_time": 5.040146350860596
        },
        "Yee14": {
            "use_time": 4.703573703765869
        },
        "Yee8": {
            "use_time": 4.494733572006226
        },
        "Yee2": {
            "use_time": 4.532428741455078
        },
        "Yee1": {
            "use_time": 4.491395950317383
        },
        "Yee3": {
            "use_time": 4.614405632019043
        },
        "Yee5": {
            "use_time": 4.587379217147827
        },
        "Yee9": {
            "use_time": 4.532052516937256
        },
        "Yee7": {
            "use_time": 4.738050937652588
        },
        "Yee13": {
            "use_time": 4.446882963180542
        },
        "Yee10": {
            "use_time": 4.484265327453613
        },
        "Yee6": {
            "use_time": 4.386765003204346
        },
        "Yee0": {
            "use_time": 4.340580224990845
        }
    },
    "success": true,
    "failed_cases": [],
    "max_time": 5.9448487758636475,
    "min_time": 4.340580224990845,
    "avg_time": 4.724325180053711
}